05.05.2015 19:30:07;http://localhost:53780/
05.05.2015 19:30:08;http://localhost:53780/
05.05.2015 19:30:10;http://localhost:53780/Home/Table/First
05.05.2015 19:30:10;http://localhost:53780/Home/Table/First
05.05.2015 19:30:10;http://localhost:53780/Home/Table/Second
05.05.2015 19:30:10;http://localhost:53780/Home/Table/Second
05.05.2015 20:10:58;http://localhost:53780/
05.05.2015 20:10:59;http://localhost:53780/
05.05.2015 20:11:04;http://localhost:53780/Home/Table/First
05.05.2015 20:11:04;http://localhost:53780/Home/Table/First
05.05.2015 20:11:04;http://localhost:53780/Home/Table/Second
05.05.2015 20:11:04;http://localhost:53780/Home/Table/Second
05.05.2015 20:13:01;http://localhost:53780/
05.05.2015 20:13:02;http://localhost:53780/
05.05.2015 20:15:08;http://localhost:53780/
05.05.2015 20:15:11;http://localhost:53780/
05.05.2015 20:16:08;http://localhost:53780/
05.05.2015 20:16:10;http://localhost:53780/
